Date,Competition,Neutral Venue,Home,PreHElo,PostHElo,Result,Away,PreAElo,PostAElo,Home Goals,Away Goals,Country,Category
2022/07/08,Kazakhstan Cup,0,FK Aksu,1334,1322.0,0 - 1,FK Atyrau,1352,1364.0,0,1,Kazakhstan ,domestic cup
2022/07/31,Kazakhstan Cup,0,FK Aksu,1309,1314.0,1 - 1,FK Kairat,1585,1580.0,1,1,Kazakhstan ,domestic cup
2022/08/13,Kazakhstan Cup,0,FK Aksu,1318,1310.0,0 - 1,FK Ordabasy,1478,1486.0,0,1,Kazakhstan ,domestic cup
2023/04/30,Kazakhstan Cup,0,FK Aksu,1321,1334.0,2 - 1,Tobyl Kostanay,1527,1514.0,2,1,Kazakhstan ,domestic cup
2021/07/11,Kazakhstan Cup,0,FK Aktobe,1368,1348.0,0 - 2,FK Akzhayik,1349,1369.0,0,2,Kazakhstan ,domestic cup
2021/07/24,Kazakhstan Cup,0,FK Aktobe,1346,1334.0,1 - 2,Kaysar Kyzylorda,1385,1397.0,1,2,Kazakhstan ,domestic cup
2021/08/15,Kazakhstan Cup,0,FK Aktobe,1322,1327.0,1 - 1,FK Astana,1624,1619.0,1,1,Kazakhstan ,domestic cup
2022/07/30,Kazakhstan Cup,0,FK Aktobe,1425,1422.0,1 - 1,FK Taraz,1434,1437.0,1,1,Kazakhstan ,domestic cup
2022/08/06,Kazakhstan Cup,0,FK Aktobe,1422,1427.0,1 - 0,FK Makhtaaral,1346,1341.0,1,0,Kazakhstan ,domestic cup
2022/08/14,Kazakhstan Cup,0,FK Aktobe,1427,1437.0,1 - 0,Tobyl Kostanay,1516,1506.0,1,0,Kazakhstan ,domestic cup
2023/04/19,Kazakhstan Cup,0,FK Aktobe,1510,1503.0,2 - 2,FK Atyrau,1314,1321.0,2,2,Kazakhstan ,domestic cup
2024/04/14,Kazakhstan Cup,0,FK Aktobe,1551,1554.0,1 - 0,Zhetysu Taldykorgan,1344,1341.0,1,0,Kazakhstan ,domestic cup
2024/05/29,Kazakhstan Cup,0,FK Aktobe,1578,1582.0,2 - 0,FK Yelimay,1357,1353.0,2,0,Kazakhstan ,domestic cup
2026/04/30,Kazakhstan Cup,0,FK Aktobe,1470,1479.0,2 - 1,FK Yelimay,1530,1521.0,2,1,Kazakhstan ,domestic cup
2026/05/13,Kazakhstan Cup,0,FK Aktobe,1476,1469.0,0 - 0,FK Altay VKO,1262,1269.0,0,0,Kazakhstan ,domestic cup
2021/07/17,Kazakhstan Cup,0,FK Akzhayik,1369,1367.0,0 - 0,Kaysar Kyzylorda,1383,1385.0,0,0,Kazakhstan ,domestic cup
2021/08/01,Kazakhstan Cup,0,FK Akzhayik,1365,1391.0,3 - 0,FK Astana,1653,1627.0,3,0,Kazakhstan ,domestic cup
2021/08/07,Kazakhstan Cup,0,FK Akzhayik,1391,1397.0,2 - 1,FK Aktobe,1328,1322.0,2,1,Kazakhstan ,domestic cup
2022/07/17,Kazakhstan Cup,0,FK Akzhayik,1336,1348.0,3 - 1,Kaspiy Aktau,1374,1362.0,3,1,Kazakhstan ,domestic cup
2022/07/24,Kazakhstan Cup,0,FK Akzhayik,1348,1356.0,1 - 0,FK Kyzylzhar,1394,1386.0,1,0,Kazakhstan ,domestic cup
2022/08/05,Kazakhstan Cup,0,FK Akzhayik,1377,1374.0,2 - 2,Kaysar Kyzylorda,1377,1380.0,2,2,Kazakhstan ,domestic cup
2022/10/19,Kazakhstan Cup,0,FK Akzhayik,1378,1390.0,5 - 3,FK Taraz,1413,1401.0,5,3,Kazakhstan ,domestic cup
2022/11/12,Kazakhstan Cup,0,FK Akzhayik,1375,1365.0,4 - 5,FK Ordabasy,1465,1475.0,4,5,Kazakhstan ,domestic cup
2023/04/30,Kazakhstan Cup,0,FK Akzhayik,1362,1365.0,0 - 0,FK Kairat,1566,1563.0,0,0,Kazakhstan ,domestic cup
2026/04/30,Kazakhstan Cup,0,FK Altay VKO,1257,1264.0,4 - 3,FK Ulytau,1246,1239.0,4,3,Kazakhstan ,domestic cup
2026/08/19,Kazakhstan Cup,0,FK Altay VKO,1265,1261.0,1 - 2,FK Ordabasy,1586,1590.0,1,2,Kazakhstan ,domestic cup
2021/07/16,Kazakhstan Cup,0,FK Astana,1638,1640.0,3 - 2,FK Aktobe,1348,1346.0,3,2,Kazakhstan ,domestic cup
2021/07/25,Kazakhstan Cup,0,FK Astana,1654,1656.0,1 - 0,FK Akzhayik,1367,1365.0,1,0,Kazakhstan ,domestic cup
2021/08/08,Kazakhstan Cup,0,FK Astana,1630,1633.0,1 - 0,Kaysar Kyzylorda,1403,1400.0,1,0,Kazakhstan ,domestic cup
2021/08/21,Kazakhstan Cup,0,FK Astana,1619,1611.0,3 - 3,Kaspiy Aktau,1356,1364.0,3,3,Kazakhstan ,domestic cup
2021/11/07,Kazakhstan Cup,0,FK Astana,1624,1602.0,0 - 3,FK Kairat,1637,1659.0,0,3,Kazakhstan ,domestic cup
2022/07/15,Kazakhstan Cup,0,FK Astana,1581,1588.0,5 - 2,Shakter Karaganda,1453,1446.0,5,2,Kazakhstan ,domestic cup
2022/08/07,Kazakhstan Cup,0,FK Astana,1581,1573.0,2 - 2,Zhetysu Taldykorgan,1336,1344.0,2,2,Kazakhstan ,domestic cup
2022/08/31,Kazakhstan Cup,0,FK Astana,1595,1597.0,1 - 0,FK Makhtaaral,1335,1333.0,1,0,Kazakhstan ,domestic cup
2022/10/19,Kazakhstan Cup,0,FK Astana,1625,1608.0,2 - 3,FK Ordabasy,1450,1467.0,2,3,Kazakhstan ,domestic cup
2023/02/25,Kazakhstan Supercup,0,FK Astana,1629,1633.0,2 - 1,FK Ordabasy,1475,1471.0,2,1,Kazakhstan ,domestic supercup
2023/04/19,Kazakhstan Cup,0,FK Astana,1607,1613.0,5 - 1,Kaysar Kyzylorda,1415,1409.0,5,1,Kazakhstan ,domestic cup
2023/05/17,Kazakhstan Cup,0,FK Astana,1632,1635.0,2 - 0,FK Turan,1333,1330.0,2,0,Kazakhstan ,domestic cup
2026/04/29,Kazakhstan Cup,0,FK Astana,1608,1593.0,1 - 2,Tobyl Kostanay,1523,1538.0,1,2,Kazakhstan ,domestic cup
2021/07/24,Kazakhstan Cup,0,FK Atyrau,1362,1349.0,1 - 2,FK Taraz,1364,1377.0,1,2,Kazakhstan ,domestic cup
2021/08/15,Kazakhstan Cup,0,FK Atyrau,1343,1336.0,1 - 3,Tobyl Kostanay,1637,1644.0,1,3,Kazakhstan ,domestic cup
2022/07/15,Kazakhstan Cup,0,FK Atyrau,1364,1357.0,2 - 3,FK Kairat,1586,1593.0,2,3,Kazakhstan ,domestic cup
2022/07/22,Kazakhstan Cup,0,FK Atyrau,1357,1341.0,1 - 4,FK Ordabasy,1495,1511.0,1,4,Kazakhstan ,domestic cup
2022/08/06,Kazakhstan Cup,0,FK Atyrau,1358,1354.0,0 - 0,FK Aksu,1314,1318.0,0,0,Kazakhstan ,domestic cup
2023/04/29,Kazakhstan Cup,0,FK Atyrau,1328,1330.0,0 - 0,FK Aktobe,1507,1505.0,0,0,Kazakhstan ,domestic cup
2023/06/07,Kazakhstan Cup,0,FK Atyrau,1372,1384.0,2 - 1,FK Kairat,1527,1515.0,2,1,Kazakhstan ,domestic cup
2023/07/08,Kazakhstan Cup,0,FK Atyrau,1393,1383.0,0 - 1,Tobyl Kostanay,1490,1500.0,0,1,Kazakhstan ,domestic cup
2024/05/08,Kazakhstan Cup,0,FK Atyrau,1385,1401.0,3 - 1,FK Kairat,1508,1492.0,3,1,Kazakhstan ,domestic cup
2024/06/19,Kazakhstan Cup,0,FK Atyrau,1437,1454.0,4 - 0,Tobyl Kostanay,1506,1489.0,4,0,Kazakhstan ,domestic cup
2024/09/29,Kazakhstan Cup,0,FK Atyrau,1445,1437.0,1 - 2,FK Aktobe,1528,1536.0,1,2,Kazakhstan ,domestic cup
2026/04/29,Kazakhstan Cup,0,FK Atyrau,1342,1322.0,0 - 2,Zhetysu Taldykorgan,1311,1331.0,0,2,Kazakhstan ,domestic cup
2021/07/17,Kazakhstan Cup,0,FK Kairat,1694,1666.0,0 - 2,Kaspiy Aktau,1315,1343.0,0,2,Kazakhstan ,domestic cup
2021/07/24,Kazakhstan Cup,0,FK Kairat,1685,1666.0,0 - 1,FK Turan,1211,1230.0,0,1,Kazakhstan ,domestic cup
2021/08/08,Kazakhstan Cup,0,FK Kairat,1636,1640.0,3 - 0,Zhetysu Taldykorgan,1361,1357.0,3,0,Kazakhstan ,domestic cup
2021/09/22,Kazakhstan Cup,0,FK Kairat,1637,1641.0,3 - 0,Kaysar Kyzylorda,1390,1386.0,3,0,Kazakhstan ,domestic cup
2021/11/20,Kazakhstan Cup,0,FK Kairat,1659,1669.0,3 - 0,FK Astana,1602,1592.0,3,0,Kazakhstan ,domestic cup
2021/11/28,Kazakhstan Cup,0,FK Kairat,1662,1658.0,3 - 3,Shakter Karaganda,1501,1505.0,3,3,Kazakhstan ,domestic cup
2022/07/09,Kazakhstan Cup,0,FK Kairat,1578,1586.0,2 - 0,FK Ordabasy,1498,1490.0,2,0,Kazakhstan ,domestic cup
2022/07/24,Kazakhstan Cup,0,FK Kairat,1586,1588.0,3 - 2,FK Aksu,1311,1309.0,3,2,Kazakhstan ,domestic cup
2022/08/13,Kazakhstan Cup,0,FK Kairat,1596,1600.0,3 - 0,FK Atyrau,1354,1350.0,3,0,Kazakhstan ,domestic cup
2022/08/31,Kazakhstan Cup,0,FK Kairat,1602,1585.0,1 - 2,FK Akzhayik,1389,1406.0,1,2,Kazakhstan ,domestic cup
2023/04/19,Kazakhstan Cup,0,FK Kairat,1568,1571.0,2 - 1,FK Akzhayik,1365,1362.0,2,1,Kazakhstan ,domestic cup
2023/05/17,Kazakhstan Cup,0,FK Kairat,1580,1573.0,1 - 1,FK Atyrau,1342,1349.0,1,1,Kazakhstan ,domestic cup
2024/04/13,Kazakhstan Cup,0,FK Kairat,1527,1533.0,3 - 0,FK Turan,1346,1340.0,3,0,Kazakhstan ,domestic cup
2025/02/22,Kazakhstan Supercup,0,FK Kairat,1552,1567.0,2 - 0,FK Aktobe,1546,1531.0,2,0,Kazakhstan ,domestic supercup
2025/04/12,Kazakhstan Cup,0,FK Kairat,1600,1603.0,3 - 0,Kaspiy Aktau,1313,1310.0,3,0,Kazakhstan ,domestic cup
2026/02/28,Kazakhstan Supercup,0,FK Kairat,1645,1643.0,2 - 2,Tobyl Kostanay,1574,1576.0,2,2,Kazakhstan ,domestic supercup
2021/07/24,Kazakhstan Cup,0,FK Kyzylzhar,1385,1386.0,1 - 1,FK Ordabasy,1536,1535.0,1,1,Kazakhstan ,domestic cup
2021/08/17,Kazakhstan Cup,0,FK Kyzylzhar,1402,1420.0,8 - 1,Shakter Karaganda,1435,1417.0,8,1,Kazakhstan ,domestic cup
2021/08/21,Kazakhstan Cup,0,FK Kyzylzhar,1420,1413.0,0 - 1,Tobyl Kostanay,1644,1651.0,0,1,Kazakhstan ,domestic cup
2022/07/16,Kazakhstan Cup,0,FK Kyzylzhar,1410,1396.0,1 - 2,Kaysar Kyzylorda,1365,1379.0,1,2,Kazakhstan ,domestic cup
2022/07/31,Kazakhstan Cup,0,FK Kyzylzhar,1407,1386.0,0 - 2,FK Akzhayik,1356,1377.0,0,2,Kazakhstan ,domestic cup
2022/08/07,Kazakhstan Cup,0,FK Kyzylzhar,1384,1364.0,1 - 3,Kaspiy Aktau,1364,1384.0,1,3,Kazakhstan ,domestic cup
2023/04/19,Kazakhstan Cup,0,FK Kyzylzhar,1452,1459.0,3 - 0,Zhetysu Taldykorgan,1317,1310.0,3,0,Kazakhstan ,domestic cup
2023/06/07,Kazakhstan Cup,0,FK Kyzylzhar,1423,1434.0,1 - 0,FK Ordabasy,1549,1538.0,1,0,Kazakhstan ,domestic cup
2025/04/12,Kazakhstan Cup,0,FK Kyzylzhar,1380,1387.0,1 - 0,Kaysar Kyzylorda,1385,1378.0,1,0,Kazakhstan ,domestic cup
2025/05/14,Kazakhstan Cup,0,FK Kyzylzhar,1405,1402.0,0 - 0,FK Yelimay,1414,1417.0,0,0,Kazakhstan ,domestic cup
2025/06/25,Kazakhstan Cup,0,FK Kyzylzhar,1390,1390.0,0 - 0,FK Ordabasy,1504,1504.0,0,0,Kazakhstan ,domestic cup
2022/07/09,Kazakhstan Cup,0,FK Makhtaaral,1298,1309.0,3 - 2,FK Aktobe,1421,1410.0,3,2,Kazakhstan ,domestic cup
2022/07/31,Kazakhstan Cup,0,FK Makhtaaral,1333,1346.0,1 - 0,Tobyl Kostanay,1553,1540.0,1,0,Kazakhstan ,domestic cup
2022/08/13,Kazakhstan Cup,0,FK Makhtaaral,1341,1342.0,1 - 1,FK Taraz,1460,1459.0,1,1,Kazakhstan ,domestic cup
2023/04/29,Kazakhstan Cup,0,FK Makhtaaral,1351,1336.0,1 - 4,FK Ordabasy,1495,1510.0,1,4,Kazakhstan ,domestic cup
2023/04/29,Kazakhstan Cup,0,FK Okzhetpes,1338,1316.0,0 - 5,Shakter Karaganda,1398,1420.0,0,5,Kazakhstan ,domestic cup
2025/04/13,Kazakhstan Cup,0,FK Okzhetpes,1309,1314.0,1 - 1,FK Astana,1622,1617.0,1,1,Kazakhstan ,domestic cup
2026/04/29,Kazakhstan Cup,0,FK Okzhetpes,1384,1371.0,2 - 3,FK Zhenis,1382,1395.0,2,3,Kazakhstan ,domestic cup
2021/07/11,Kazakhstan Cup,0,FK Ordabasy,1532,1536.0,1 - 0,Shakter Karaganda,1400,1396.0,1,0,Kazakhstan ,domestic cup
2021/08/01,Kazakhstan Cup,0,FK Ordabasy,1535,1519.0,0 - 1,FK Kyzylzhar,1386,1402.0,0,1,Kazakhstan ,domestic cup
2022/07/17,Kazakhstan Cup,0,FK Ordabasy,1490,1495.0,2 - 0,FK Aksu,1316,1311.0,2,0,Kazakhstan ,domestic cup
2022/07/29,Kazakhstan Cup,0,FK Ordabasy,1511,1494.0,1 - 2,FK Atyrau,1341,1358.0,1,2,Kazakhstan ,domestic cup
2022/08/07,Kazakhstan Cup,0,FK Ordabasy,1494,1478.0,1 - 3,FK Kairat,1580,1596.0,1,3,Kazakhstan ,domestic cup
2023/04/19,Kazakhstan Cup,0,FK Ordabasy,1506,1490.0,1 - 2,FK Makhtaaral,1349,1365.0,1,2,Kazakhstan ,domestic cup
2023/05/17,Kazakhstan Cup,0,FK Ordabasy,1525,1533.0,2 - 0,FK Kyzylzhar,1449,1441.0,2,0,Kazakhstan ,domestic cup
2023/07/06,Kazakhstan Cup,0,FK Ordabasy,1545,1560.0,2 - 0,FK Astana,1645,1630.0,2,0,Kazakhstan ,domestic cup
2023/11/04,Kazakhstan Cup,0,FK Ordabasy,1566,1554.0,0 - 1,Tobyl Kostanay,1478,1490.0,0,1,Kazakhstan ,domestic cup
2024/02/25,Kazakhstan Supercup,0,FK Ordabasy,1554,1552.0,1 - 1,Tobyl Kostanay,1490,1492.0,1,1,Kazakhstan ,domestic supercup
2024/05/08,Kazakhstan Cup,0,FK Ordabasy,1552,1539.0,1 - 2,FK Aktobe,1557,1570.0,1,2,Kazakhstan ,domestic cup
2025/05/14,Kazakhstan Cup,0,FK Ordabasy,1512,1522.0,1 - 0,FK Kairat,1618,1608.0,1,0,Kazakhstan ,domestic cup
2025/08/28,Kazakhstan Cup,0,FK Ordabasy,1462,1467.0,1 - 0,FK Kyzylzhar,1357,1352.0,1,0,Kazakhstan ,domestic cup
2025/10/04,Kazakhstan Cup,0,FK Ordabasy,1461,1450.0,0 - 2,Tobyl Kostanay,1565,1576.0,0,2,Kazakhstan ,domestic cup
2026/04/30,Kazakhstan Cup,0,FK Ordabasy,1498,1503.0,3 - 0,Kaspiy Aktau,1269,1264.0,3,0,Kazakhstan ,domestic cup
2026/05/13,Kazakhstan Cup,0,FK Ordabasy,1509,1512.0,1 - 0,Zhetysu Taldykorgan,1323,1320.0,1,0,Kazakhstan ,domestic cup
2026/07/15,Kazakhstan Cup,0,FK Ordabasy,1559,1562.0,3 - 1,FK Altay VKO,1295,1292.0,3,1,Kazakhstan ,domestic cup
2026/11/07,Kazakhstan Cup,0,FK Ordabasy,1595,,Info,Kaysar Kyzylorda,1336,,,,Kazakhstan ,domestic cup
2021/07/10,Kazakhstan Cup,0,FK Taraz,1372,1364.0,1 - 3,Tobyl Kostanay,1635,1643.0,1,3,Kazakhstan ,domestic cup
2021/07/30,Kazakhstan Cup,0,FK Taraz,1377,1383.0,1 - 0,FK Atyrau,1349,1343.0,1,0,Kazakhstan ,domestic cup
2021/09/22,Kazakhstan Cup,0,FK Taraz,1387,1386.0,0 - 0,Shakter Karaganda,1435,1436.0,0,0,Kazakhstan ,domestic cup
2022/07/09,Kazakhstan Cup,0,FK Taraz,1405,1430.0,6 - 1,Tobyl Kostanay,1598,1573.0,6,1,Kazakhstan ,domestic cup
2022/07/16,Kazakhstan Cup,0,FK Taraz,1430,1437.0,4 - 2,FK Makhtaaral,1309,1302.0,4,2,Kazakhstan ,domestic cup
2022/07/22,Kazakhstan Cup,0,FK Taraz,1437,1434.0,0 - 0,FK Aktobe,1422,1425.0,0,0,Kazakhstan ,domestic cup
2022/08/31,Kazakhstan Cup,0,FK Taraz,1464,1461.0,1 - 1,Shakter Karaganda,1444,1447.0,1,1,Kazakhstan ,domestic cup
2024/04/14,Kazakhstan Cup,0,FK Taraz,1367,1356.0,0 - 2,FK Ordabasy,1551,1562.0,0,2,Kazakhstan ,domestic cup
2026/04/09,Kazakhstan Cup,0,FK Taraz,1356,1340.0,0 - 1,FK Ulytau,1210,1226.0,0,1,Kazakhstan ,domestic cup
2021/07/18,Kazakhstan Cup,0,FK Turan,1225,1211.0,0 - 2,Zhetysu Taldykorgan,1358,1372.0,0,2,Kazakhstan ,domestic cup
2021/07/31,Kazakhstan Cup,0,FK Turan,1230,1247.0,4 - 3,FK Kairat,1661,1644.0,4,3,Kazakhstan ,domestic cup
2021/08/08,Kazakhstan Cup,0,FK Turan,1247,1237.0,0 - 1,Kaspiy Aktau,1354,1364.0,0,1,Kazakhstan ,domestic cup
2023/04/30,Kazakhstan Cup,0,FK Turan,1326,1333.0,2 - 1,Kaspiy Aktau,1303,1296.0,2,1,Kazakhstan ,domestic cup
2023/06/07,Kazakhstan Cup,0,FK Turan,1330,1335.0,1 - 1,FK Astana,1639,1634.0,1,1,Kazakhstan ,domestic cup
2025/04/12,Kazakhstan Cup,0,FK Turan,1309,1324.0,2 - 0,FK Atyrau,1405,1390.0,2,0,Kazakhstan ,domestic cup
2025/05/14,Kazakhstan Cup,0,FK Turan,1329,1319.0,0 - 2,Tobyl Kostanay,1549,1559.0,0,2,Kazakhstan ,domestic cup
2026/04/08,Kazakhstan Cup,0,FK Turan,1219,1210.0,1 - 4,FK Yelimay,1509,1518.0,1,4,Kazakhstan ,domestic cup
2025/04/12,Kazakhstan Cup,0,FK Ulytau,1151,1141.0,0 - 3,FK Yelimay,1405,1415.0,0,3,Kazakhstan ,domestic cup
2024/04/14,Kazakhstan Cup,0,FK Yelimay,1314,1323.0,2 - 1,Shakter Karaganda,1382,1373.0,2,1,Kazakhstan ,domestic cup
2024/05/08,Kazakhstan Cup,0,FK Yelimay,1339,1348.0,1 - 0,FK Kyzylzhar,1417,1408.0,1,0,Kazakhstan ,domestic cup
2024/06/19,Kazakhstan Cup,0,FK Yelimay,1361,1374.0,2 - 1,FK Aktobe,1584,1571.0,2,1,Kazakhstan ,domestic cup
2024/04/13,Kazakhstan Cup,0,FK Zhenis,1286,1281.0,0 - 1,FK Astana,1571,1576.0,0,1,Kazakhstan ,domestic cup
2025/04/13,Kazakhstan Cup,0,FK Zhenis,1314,1328.0,1 - 0,FK Aktobe,1561,1547.0,1,0,Kazakhstan ,domestic cup
2025/05/14,Kazakhstan Cup,0,FK Zhenis,1309,1314.0,1 - 1,FK Astana,1596,1591.0,1,1,Kazakhstan ,domestic cup
2025/08/29,Kazakhstan Cup,0,FK Zhenis,1411,1413.0,1 - 1,Tobyl Kostanay,1585,1583.0,1,1,Kazakhstan ,domestic cup
2026/05/13,Kazakhstan Cup,0,FK Zhenis,1417,1426.0,2 - 0,FK Kyzylzhar,1374,1365.0,2,0,Kazakhstan ,domestic cup
2026/08/19,Kazakhstan Cup,0,FK Zhenis,1390,1396.0,3 - 2,Kaysar Kyzylorda,1357,1351.0,3,2,Kazakhstan ,domestic cup
2025/03/16,Kazakhstan Cup,0,Irtysh Pavlodar,1434,1427.0,1 - 1,Shakter Karaganda,1260,1267.0,1,1,Kazakhstan ,domestic cup
2026/04/29,Kazakhstan Cup,0,Irtysh Pavlodar,1384,1371.0,1 - 2,FK Kyzylzhar,1377,1390.0,1,2,Kazakhstan ,domestic cup
2021/07/11,Kazakhstan Cup,0,Kaspiy Aktau,1305,1315.0,4 - 0,FK Turan,1235,1225.0,4,0,Kazakhstan ,domestic cup
2021/07/25,Kazakhstan Cup,0,Kaspiy Aktau,1343,1351.0,1 - 0,Zhetysu Taldykorgan,1372,1364.0,1,0,Kazakhstan ,domestic cup
2021/08/15,Kazakhstan Cup,0,Kaspiy Aktau,1364,1356.0,2 - 4,FK Kairat,1626,1634.0,2,4,Kazakhstan ,domestic cup
2021/09/22,Kazakhstan Cup,0,Kaspiy Aktau,1368,1362.0,0 - 1,FK Astana,1620,1626.0,0,1,Kazakhstan ,domestic cup
2022/07/10,Kazakhstan Cup,0,Kaspiy Aktau,1376,1374.0,1 - 1,FK Kyzylzhar,1408,1410.0,1,1,Kazakhstan ,domestic cup
2022/07/23,Kazakhstan Cup,0,Kaspiy Aktau,1362,1350.0,1 - 2,Kaysar Kyzylorda,1379,1391.0,1,2,Kazakhstan ,domestic cup
2022/08/13,Kazakhstan Cup,0,Kaspiy Aktau,1384,1391.0,2 - 1,FK Akzhayik,1374,1367.0,2,1,Kazakhstan ,domestic cup
2023/04/19,Kazakhstan Cup,0,Kaspiy Aktau,1310,1297.0,0 - 1,FK Turan,1313,1326.0,0,1,Kazakhstan ,domestic cup
2025/03/23,Kazakhstan Cup,0,Kaspiy Aktau,1294,1313.0,3 - 0,Irtysh Pavlodar,1427,1408.0,3,0,Kazakhstan ,domestic cup
2021/07/10,Kazakhstan Cup,0,Kaysar Kyzylorda,1379,1383.0,0 - 0,FK Astana,1642,1638.0,0,0,Kazakhstan ,domestic cup
2021/07/31,Kazakhstan Cup,0,Kaysar Kyzylorda,1397,1403.0,1 - 0,FK Aktobe,1334,1328.0,1,0,Kazakhstan ,domestic cup
2021/08/14,Kazakhstan Cup,0,Kaysar Kyzylorda,1400,1412.0,3 - 0,FK Akzhayik,1397,1385.0,3,0,Kazakhstan ,domestic cup
2021/10/27,Kazakhstan Cup,0,Kaysar Kyzylorda,1351,1344.0,0 - 2,FK Kairat,1645,1652.0,0,2,Kazakhstan ,domestic cup
2022/07/08,Kazakhstan Cup,0,Kaysar Kyzylorda,1358,1365.0,1 - 0,FK Akzhayik,1343,1336.0,1,0,Kazakhstan ,domestic cup
2022/07/29,Kazakhstan Cup,0,Kaysar Kyzylorda,1391,1377.0,1 - 2,Kaspiy Aktau,1350,1364.0,1,2,Kazakhstan ,domestic cup
2022/08/14,Kazakhstan Cup,0,Kaysar Kyzylorda,1380,1390.0,3 - 1,FK Kyzylzhar,1367,1357.0,3,1,Kazakhstan ,domestic cup
2022/08/31,Kazakhstan Cup,0,Kaysar Kyzylorda,1390,1389.0,1 - 1,FK Ordabasy,1461,1462.0,1,1,Kazakhstan ,domestic cup
2023/04/30,Kazakhstan Cup,0,Kaysar Kyzylorda,1402,1392.0,0 - 2,FK Astana,1620,1630.0,0,2,Kazakhstan ,domestic cup
2024/04/13,Kazakhstan Cup,0,Kaysar Kyzylorda,1366,1350.0,0 - 3,Tobyl Kostanay,1503,1519.0,0,3,Kazakhstan ,domestic cup
2026/04/29,Kazakhstan Cup,0,Kaysar Kyzylorda,1330,1346.0,2 - 1,FK Kairat,1651,1635.0,2,1,Kazakhstan ,domestic cup
2026/05/13,Kazakhstan Cup,0,Kaysar Kyzylorda,1331,1334.0,0 - 0,Tobyl Kostanay,1531,1528.0,0,0,Kazakhstan ,domestic cup
2026/07/29,Kazakhstan Cup,0,Kaysar Kyzylorda,1355,1367.0,3 - 1,FK Zhenis,1395,1383.0,3,1,Kazakhstan ,domestic cup
2021/07/16,Kazakhstan Cup,0,Shakter Karaganda,1396,1403.0,3 - 2,FK Kyzylzhar,1392,1385.0,3,2,Kazakhstan ,domestic cup
2021/08/14,Kazakhstan Cup,0,Shakter Karaganda,1425,1435.0,3 - 2,FK Ordabasy,1519,1509.0,3,2,Kazakhstan ,domestic cup
2021/10/27,Kazakhstan Cup,0,Shakter Karaganda,1437,1446.0,3 - 1,FK Taraz,1380,1371.0,3,1,Kazakhstan ,domestic cup
2021/11/06,Kazakhstan Cup,0,Shakter Karaganda,1452,1476.0,5 - 2,Tobyl Kostanay,1682,1658.0,5,2,Kazakhstan ,domestic cup
2022/07/30,Kazakhstan Cup,0,Shakter Karaganda,1446,1453.0,4 - 2,Zhetysu Taldykorgan,1343,1336.0,4,2,Kazakhstan ,domestic cup
2022/08/14,Kazakhstan Cup,0,Shakter Karaganda,1453,1433.0,1 - 7,FK Astana,1573,1593.0,1,7,Kazakhstan ,domestic cup
2023/04/19,Kazakhstan Cup,0,Shakter Karaganda,1391,1397.0,1 - 0,FK Okzhetpes,1345,1339.0,1,0,Kazakhstan ,domestic cup
2023/06/07,Kazakhstan Cup,0,Shakter Karaganda,1408,1418.0,1 - 0,Tobyl Kostanay,1515,1505.0,1,0,Kazakhstan ,domestic cup
2026/04/09,Kazakhstan Cup,0,Shakter Karaganda,1267,1257.0,2 - 3,FK Okzhetpes,1375,1385.0,2,3,Kazakhstan ,domestic cup
2021/07/16,Kazakhstan Cup,0,Tobyl Kostanay,1643,1646.0,2 - 0,FK Atyrau,1365,1362.0,2,0,Kazakhstan ,domestic cup
2021/08/08,Kazakhstan Cup,0,Tobyl Kostanay,1644,1646.0,2 - 1,FK Taraz,1383,1381.0,2,1,Kazakhstan ,domestic cup
2021/09/22,Kazakhstan Cup,0,Tobyl Kostanay,1648,1651.0,1 - 0,FK Kyzylzhar,1450,1447.0,1,0,Kazakhstan ,domestic cup
2021/11/21,Kazakhstan Cup,0,Tobyl Kostanay,1658,1633.0,0 - 2,Shakter Karaganda,1476,1501.0,0,2,Kazakhstan ,domestic cup
2022/03/02,Kazakhstan Supercup,0,Tobyl Kostanay,1633,1644.0,2 - 1,FK Kairat,1661,1650.0,2,1,Kazakhstan ,domestic supercup
2022/07/16,Kazakhstan Cup,0,Tobyl Kostanay,1569,1573.0,2 - 1,FK Aktobe,1426,1422.0,2,1,Kazakhstan ,domestic cup
2022/07/24,Kazakhstan Cup,0,Tobyl Kostanay,1577,1546.0,1 - 4,FK Makhtaaral,1302,1333.0,1,4,Kazakhstan ,domestic cup
2022/08/07,Kazakhstan Cup,0,Tobyl Kostanay,1537,1514.0,3 - 5,FK Taraz,1437,1460.0,3,5,Kazakhstan ,domestic cup
2023/04/19,Kazakhstan Cup,0,Tobyl Kostanay,1526,1531.0,2 - 0,FK Aksu,1333,1328.0,2,0,Kazakhstan ,domestic cup
2023/05/17,Kazakhstan Cup,0,Tobyl Kostanay,1492,1500.0,2 - 0,Shakter Karaganda,1418,1410.0,2,0,Kazakhstan ,domestic cup
2024/05/08,Kazakhstan Cup,0,Tobyl Kostanay,1520,1529.0,1 - 0,FK Astana,1583,1574.0,1,0,Kazakhstan ,domestic cup
2024/05/29,Kazakhstan Cup,0,Tobyl Kostanay,1510,1515.0,1 - 0,FK Atyrau,1413,1408.0,1,0,Kazakhstan ,domestic cup
2025/04/13,Kazakhstan Cup,0,Tobyl Kostanay,1512,1515.0,1 - 0,Zhetysu Taldykorgan,1303,1300.0,1,0,Kazakhstan ,domestic cup
2025/06/25,Kazakhstan Cup,0,Tobyl Kostanay,1569,1572.0,2 - 1,FK Zhenis,1342,1339.0,2,1,Kazakhstan ,domestic cup
2021/07/10,Kazakhstan Cup,0,Zhetysu Taldykorgan,1363,1358.0,0 - 1,FK Kairat,1669,1674.0,0,1,Kazakhstan ,domestic cup
2021/08/01,Kazakhstan Cup,0,Zhetysu Taldykorgan,1364,1361.0,0 - 0,Kaspiy Aktau,1351,1354.0,0,0,Kazakhstan ,domestic cup
2021/08/14,Kazakhstan Cup,0,Zhetysu Taldykorgan,1357,1361.0,1 - 0,FK Turan,1237,1233.0,1,0,Kazakhstan ,domestic cup
2022/07/08,Kazakhstan Cup,0,Zhetysu Taldykorgan,1339,1343.0,0 - 0,FK Astana,1585,1581.0,0,0,Kazakhstan ,domestic cup
2022/07/24,Kazakhstan Cup,0,Zhetysu Taldykorgan,1343,1343.0,0 - 0,Shakter Karaganda,1446,1446.0,0,0,Kazakhstan ,domestic cup
2023/04/29,Kazakhstan Cup,0,Zhetysu Taldykorgan,1324,1325.0,0 - 0,FK Kyzylzhar,1453,1452.0,0,0,Kazakhstan ,domestic cup
